user,tweet,tidy_tweet
datasciencebot_,"RT @Ronald_vanLoon: The 8 Emerging #Technologies 
by @PwC  @MikeQuindazzi  

#Digital #DataScience #5G #DigitalTransformation #Tech #Techno…",Ronald vanLoon The Emerging #Technologies PwC MikeQuindazzi #Digital #DataScience #DigitalTransformation #Tech #Techno
CargoWise,"Real-time, on-the-road #data allows you to streamline your order-to-delivery process &amp; proactively plan capacity, l… ",Real time the road #data allows you streamline your order delivery process amp proactively plan capacity
Ronald_vanLoon,"RT @Ronald_vanLoon: The 8 Emerging #Technologies 
by @PwC  @MikeQuindazzi  

#Digital #DataScience #5G #DigitalTransformation #Tech #Techno…",Ronald vanLoon The Emerging #Technologies PwC MikeQuindazzi #Digital #DataScience #DigitalTransformation #Tech #Techno
RedBlockchain,"RT @AshokNellikar: #Data in the #Cloud is Creating ‘Fear &amp; Trust’ Issues for #Security Professionals v/ @securityblvd

#CyberSec #vulnerabi…",AshokNellikar #Data the #Cloud Creating Fear amp Trust Issues for #Security Professionals securityblvd #CyberSec #vulnerabi
ga7actic,"RT @SuperMap__GIS: Smart City Application in Shenzhen Pingshan District


 #3D #2D #2D3D #GIS #3DGIS #smartcity #sup…",SuperMap GIS Smart City Application Shenzhen Pingshan District #GIS DGIS #smartcity #sup
